metric,value
direct_metadata_leakage_rate_before,1.0
direct_metadata_leakage_rate_after,0.0
filename_path_leakage_rate_before,0.3333333333333333
filename_path_leakage_rate_after,0.0
free_text_context_leakage_rate_before,0.3333333333333333
free_text_context_leakage_rate_after,0.0
device_fingerprinting_risk_before,1.0
device_fingerprinting_risk_after,0.0
temporal_uniqueness_risk_before,1.0
temporal_uniqueness_risk_after,0.0
location_specificity_risk_before,1.0
location_specificity_risk_after,0.0
linkage_risk_score_before,0.7666666666666667
linkage_risk_score_after,0.07
longitudinal_utility_preservation,1.0
audio_standardization_success,1.0
