condition,identifier_type,precision,recall,f1,n_gold,n_detected,n_true_positive
direct_only_baseline,ADDRESS,0.0,0.0,0.0,16,0,0
direct_only_baseline,CLINICIAN_NAME,0.9351851851851852,1.0,0.9665071770334929,101,108,101
direct_only_baseline,CONTACT,1.0,0.967741935483871,0.9836065573770492,93,90,90
direct_only_baseline,DATE,0.83,0.8924731182795699,0.8601036269430051,93,100,83
direct_only_baseline,HEALTHCARE_ORGANIZATION,0.0,0.0,0.0,130,0,0
direct_only_baseline,LOCATION,0.0,0.0,0.0,26,0,0
direct_only_baseline,MEDICAL_RECORD,1.0,0.9767441860465116,0.988235294117647,86,84,84
direct_only_baseline,PERSON,0.4044943820224719,0.5538461538461539,0.4675324675324675,65,89,36
direct_only_baseline,RARE_EVENT,0.0,0.0,0.0,48,0,0
direct_only_baseline,SCHOOL_WORKPLACE,0.0,0.0,0.0,51,0,0
direct_only_baseline,SESSION_PATTERN,0.0,0.0,0.0,35,0,0
full_semantic_layer,ADDRESS,0.0,0.0,0.0,16,0,0
full_semantic_layer,CLINICIAN_NAME,0.9711538461538461,1.0,0.9853658536585366,101,104,101
full_semantic_layer,CONTACT,1.0,0.967741935483871,0.9836065573770492,93,90,90
full_semantic_layer,DATE,0.8383838383838383,0.8924731182795699,0.8645833333333334,93,99,83
full_semantic_layer,FAMILY_NAME,0.0,0.0,0.0,0,27,0
full_semantic_layer,HEALTHCARE_ORGANIZATION,0.9847328244274809,0.9923076923076923,0.9885057471264368,130,131,129
full_semantic_layer,LOCATION,0.3333333333333333,1.0,0.5,26,78,26
full_semantic_layer,MEDICAL_RECORD,1.0,0.9767441860465116,0.988235294117647,86,84,84
full_semantic_layer,PERSON,0.4044943820224719,0.5538461538461539,0.4675324675324675,65,89,36
full_semantic_layer,RARE_EVENT,1.0,0.22916666666666666,0.37288135593220334,48,11,11
full_semantic_layer,SCHOOL_WORKPLACE,1.0,0.9803921568627451,0.99009900990099,51,50,50
full_semantic_layer,SESSION_PATTERN,0.92,0.6571428571428571,0.7666666666666667,35,25,23
