condition,feature,pearson_r,mean_absolute_error,relative_change_mean,preservation_interpretation
mcadams_lpc15,duration,1.0,0.0,0.0,preserved
mcadams_lpc15,RMS_energy,0.9544591438006498,0.007027247386674086,0.14773784674448473,preserved
mcadams_lpc15,zero_crossing_rate,0.9195501902483874,0.05106836208844625,0.3681505673044826,preserved
mcadams_lpc15,spectral_centroid,0.9624815095411,117.39326749280876,0.06412750272979229,preserved
mcadams_lpc15,spectral_bandwidth,0.7544022228072744,339.2504002974394,0.20663526157661996,preserved
mcadams_lpc15,F0_mean,0.9176933217169618,13.675980012412413,0.08827429911702268,expected_change_for_voice_deid
mcadams_lpc15,F0_std,0.7742529912790557,16.887816503460098,0.21778335626656845,expected_change_for_voice_deid
mcadams_lpc15,pause_ratio,0.9614740099624708,0.0014713286394569174,0.006515060092705268,preserved
mcadams_lpc20,duration,1.0,0.0,0.0,preserved
mcadams_lpc20,RMS_energy,0.9319676926843938,0.010283750941356024,0.21359259285196533,preserved
mcadams_lpc20,zero_crossing_rate,0.9018163846626149,0.08279499001413951,0.5978853412441383,preserved
mcadams_lpc20,spectral_centroid,0.9540397983587792,230.48581087797376,0.13039078367540224,preserved
mcadams_lpc20,spectral_bandwidth,0.5418447311782078,369.5583763551217,0.22462879200593713,preserved
mcadams_lpc20,F0_mean,0.9242128786151425,12.812033385007492,0.07585090195678788,expected_change_for_voice_deid
mcadams_lpc20,F0_std,0.8095986732238223,16.961594075392615,0.22091010616303403,expected_change_for_voice_deid
mcadams_lpc20,pause_ratio,0.9607662368259218,0.0020264719840143745,0.008920118016865477,preserved
mcadams_lpc25,duration,1.0,0.0,0.0,preserved
mcadams_lpc25,RMS_energy,0.9192309077058114,0.012336336970329286,0.25546588281077137,preserved
mcadams_lpc25,zero_crossing_rate,0.8666940016250813,0.11719372491794701,0.8545183772387893,preserved
mcadams_lpc25,spectral_centroid,0.9418920755613956,389.596012074543,0.21883408831078774,preserved
mcadams_lpc25,spectral_bandwidth,0.36521970196090314,407.40786699998745,0.24745311471593245,preserved
mcadams_lpc25,F0_mean,0.881009070436311,17.262094506741875,0.1080144993345147,expected_change_for_voice_deid
mcadams_lpc25,F0_std,0.7199579707368495,22.20884244466597,0.29412540354607664,expected_change_for_voice_deid
mcadams_lpc25,pause_ratio,0.9412270325111232,0.0024870390330594713,0.011005633102465277,preserved
pitch_s2,duration,1.0,0.0,0.0,preserved
pitch_s2,RMS_energy,0.997227752832538,0.014501530217627684,0.3162660145481512,preserved
pitch_s2,zero_crossing_rate,0.9035487424119409,0.027635251710262338,0.18269135651725393,preserved
pitch_s2,spectral_centroid,0.9749490887074381,99.74045465777087,0.04829235090925707,preserved
pitch_s2,spectral_bandwidth,0.9045982064913951,70.91063220618307,0.045095326619611464,preserved
pitch_s2,F0_mean,0.9604096245084591,11.771073511478065,0.06706301665895992,expected_change_for_voice_deid
pitch_s2,F0_std,0.8955159272274328,10.68368731829914,0.12097424432190827,expected_change_for_voice_deid
pitch_s2,pause_ratio,0.9292579003978356,0.001666540143686458,0.007253258227741202,preserved
pitch_s4,duration,1.0,0.0,0.0,preserved
pitch_s4,RMS_energy,0.9978358557118311,0.01420884434133768,0.3096108319930833,preserved
pitch_s4,zero_crossing_rate,0.883456766118722,0.03783571013009071,0.2503467875145343,preserved
pitch_s4,spectral_centroid,0.9490824150389398,196.30052583341228,0.0968162788748405,preserved
pitch_s4,spectral_bandwidth,0.7918378868525834,128.61987920240247,0.08196105271543104,preserved
pitch_s4,F0_mean,0.923061839519508,23.667921670786896,0.1346979134518026,expected_change_for_voice_deid
pitch_s4,F0_std,0.7862469139023416,14.198435064182664,0.15622969574612194,expected_change_for_voice_deid
pitch_s4,pause_ratio,0.9398240302894216,0.0016294241955244642,0.007120426193056346,preserved
pitch_s6,duration,1.0,0.0,0.0,preserved
pitch_s6,RMS_energy,0.9984300094054801,0.014118075153479974,0.3078514211521778,preserved
pitch_s6,zero_crossing_rate,0.8634431565360594,0.047673116958493814,0.3158072650414333,preserved
pitch_s6,spectral_centroid,0.9246958514248265,294.2853669646006,0.14593453923131466,preserved
pitch_s6,spectral_bandwidth,0.7041080485015958,188.1762248155312,0.11961148497956335,preserved
pitch_s6,F0_mean,0.8905844336703845,39.865608269805115,0.2269242862420228,expected_change_for_voice_deid
pitch_s6,F0_std,0.6540195215033178,16.527435715148247,0.18292986668466404,expected_change_for_voice_deid
pitch_s6,pause_ratio,0.9314636768399166,0.0020981498089258743,0.009041817486659826,preserved
